[{"model": "auth.user", "pk": 1, "fields": {"password": "pbkdf2_sha256$1200000$vS5xIY2G38lvYC5H0ayJUn$dUdk+yKN/BckH6C+OIaSRn63So9piZ67We4IVHm2Css=", "last_login": "2026-04-17T05:45:49.496Z", "is_superuser": true, "username": "savio123", "first_name": "", "last_name": "", "email": "saviorajan986@gmail.com", "is_staff": true, "is_active": true, "date_joined": "2026-03-26T02:38:57.707Z", "groups": [], "user_permissions": []}}, {"model": "auth.user", "pk": 2, "fields": {"password": "pbkdf2_sha256$1200000$u5eimoX8DCybBjjxP2M4YI$RV0GVXeEopfHugHAEE43bAhYXY5yK0lnzySXxaWCdSM=", "last_login": null, "is_superuser": true, "username": "Savio12", "first_name": "", "last_name": "", "email": "saviorajan3@gmail.com", "is_staff": true, "is_active": true, "date_joined": "2026-03-26T05:21:05Z", "groups": [], "user_permissions": []}}, {"model": "auth.user", "pk": 4, "fields": {"password": "pbkdf2_sha256$1200000$tKjd6uyawqyIzjpd3PwUMW$bYx3Wwgz1KCZAJzXXGmdv2KqtBOazQoD+DCD7U0yKh8=", "last_login": null, "is_superuser": false, "username": "Savio124", "first_name": "", "last_name": "", "email": "savio146@gmail.com", "is_staff": false, "is_active": true, "date_joined": "2026-04-07T03:24:03.140Z", "groups": [], "user_permissions": []}}, {"model": "sessions.session", "pk": "idgqqf0mc5f7gci3px9g4ri4vn3teeaz", "fields": {"session_data": ".eJxVjEsOgjAUAO_y1qax7YO2LN1zBvI-xaIGEgor490NCQvdzkzmDQPtWxn2mtdhUujAwuWXMckzz4fQB833xcgyb-vE5kjMaavpF82v29n-DQrVAh2k2CJxxCagWrYB3RhQ0DaY3FXIJZ-iiig3PknAkWNgyT5pyyEyefh8AcYFN7k:1w7amU:hYWLFEPPCWPqsrTPBKwV-jlo6a1RG6q95yz0yPLQVyk", "expire_date": "2026-04-14T15:13:26.632Z"}}, {"model": "sessions.session", "pk": "r7g1jn4kps4516m45bcxw0dwo11hjc54", "fields": {"session_data": ".eJxVjEsOgjAUAO_y1qax7YO2LN1zBvI-xaIGEgor490NCQvdzkzmDQPtWxn2mtdhUujAwuWXMckzz4fQB833xcgyb-vE5kjMaavpF82v29n-DQrVAh2k2CJxxCagWrYB3RhQ0DaY3FXIJZ-iiig3PknAkWNgyT5pyyEyefh8AcYFN7k:1wDc0t:yp2T2ujMLLB0PJP5LR_D6PiMkMJBCc2BFyNdNTwIV-I", "expire_date": "2026-05-01T05:45:11.078Z"}}, {"model": "sessions.session", "pk": "rxr47ojy60uyn9gdjmkkx9sx3228odx7", "fields": {"session_data": ".eJxVjEsOgjAUAO_y1qax7YO2LN1zBvI-xaIGEgor490NCQvdzkzmDQPtWxn2mtdhUujAwuWXMckzz4fQB833xcgyb-vE5kjMaavpF82v29n-DQrVAh2k2CJxxCagWrYB3RhQ0DaY3FXIJZ-iiig3PknAkWNgyT5pyyEyefh8AcYFN7k:1w73of:WPAsNQgPW9-rkJ613sa6TwPIFa-qpo3FNOe2DuhHFzY", "expire_date": "2026-04-13T04:01:29.584Z"}}, {"model": "sessions.session", "pk": "ur9ntmubp32o5p76z6x50medzryhd0ya", "fields": {"session_data": ".eJxVjEsOgjAUAO_y1qax7YO2LN1zBvI-xaIGEgor490NCQvdzkzmDQPtWxn2mtdhUujAwuWXMckzz4fQB833xcgyb-vE5kjMaavpF82v29n-DQrVAh2k2CJxxCagWrYB3RhQ0DaY3FXIJZ-iiig3PknAkWNgyT5pyyEyefh8AcYFN7k:1wDc1V:bIGdwuwofnZ_zf8XQgB0TWoIxVMQwwdG9BYRu5MYrrI", "expire_date": "2026-05-01T05:45:49.498Z"}}, {"model": "PettyApp.category", "pk": 1, "fields": {"name": "bird-toy"}}, {"model": "PettyApp.category", "pk": 2, "fields": {"name": "bird-cloth"}}, {"model": "PettyApp.category", "pk": 3, "fields": {"name": "bird-food"}}, {"model": "PettyApp.category", "pk": 4, "fields": {"name": "fish-food"}}, {"model": "PettyApp.category", "pk": 6, "fields": {"name": "cat-toy"}}, {"model": "PettyApp.category", "pk": 7, "fields": {"name": "cat-cloth"}}, {"model": "PettyApp.category", "pk": 8, "fields": {"name": "cat-food"}}, {"model": "PettyApp.category", "pk": 10, "fields": {"name": "dog-toy"}}, {"model": "PettyApp.category", "pk": 11, "fields": {"name": "dog-cloth"}}, {"model": "PettyApp.category", "pk": 12, "fields": {"name": "dog-food"}}, {"model": "PettyApp.category", "pk": 13, "fields": {"name": "dog-house"}}, {"model": "PettyApp.category", "pk": 14, "fields": {"name": "cat-house"}}, {"model": "PettyApp.category", "pk": 15, "fields": {"name": "bird-house"}}, {"model": "PettyApp.category", "pk": 16, "fields": {"name": "aquarium"}}, {"model": "PettyApp.product", "pk": 1, "fields": {"user": 2, "name": "Bunny T-Shirt", "price": "4.00", "image": "products/item1.jpg", "category": 11, "description": "Soft, stylish, and full of charm ù the Bunny T-Shirt is perfect for pet lovers who want comfort with a cute touch. Made from high-quality breathable cotton, this t-shirt features an adorable bunny print that adds a playful vibe to your everyday outfit.", "is_approved": true}}, {"model": "PettyApp.product", "pk": 2, "fields": {"user": 2, "name": "Denim Dog Jacket", "price": "5.00", "image": "products/item2.jpg", "category": 11, "description": "Stylish denim jacket for dogs designed with a modern layered look. Made from durable and breathable fabric, it keeps your pet comfortable while adding a trendy street-style vibe. Perfect for outings and photos.", "is_approved": true}}, {"model": "PettyApp.product", "pk": 3, "fields": {"user": 2, "name": "Pink Comfort Dog T-Shirt", "price": "5.00", "image": "products/item3.jpg", "category": 11, "description": "Soft and cozy t-shirt designed for everyday comfort. Made with lightweight fabric, it ensures breathability while giving your pet a cute and stylish appearance.", "is_approved": true}}, {"model": "PettyApp.product", "pk": 4, "fields": {"user": 2, "name": "Black Polo Dog Shirt", "price": "5.00", "image": "products/item4.jpg", "category": 11, "description": "Elegant polo-style shirt for dogs with a premium finish. Ideal for special occasions or casual outings, offering both comfort and a classy look.", "is_approved": true}}, {"model": "PettyApp.product", "pk": 5, "fields": {"user": 2, "name": "Wooden Pet House", "price": "5.00", "image": "products/item5.jpg", "category": 14, "description": "A cozy wooden pet house designed to give your pet a safe and comfortable resting space. Built with high-quality wood for durability and style, perfect for indoor use.", "is_approved": true}}, {"model": "PettyApp.product", "pk": 6, "fields": {"user": 2, "name": "Dog Wet Food Tray", "price": "5.00", "image": "products/item6.jpg", "category": 12, "description": "Nutritious and delicious wet food for dogs, packed with essential vitamins and minerals. Easy-to-serve tray ensuring freshness and convenience.", "is_approved": true}}, {"model": "PettyApp.product", "pk": 7, "fields": {"user": 2, "name": "Yellow Hoodie Dog Outfit", "price": "5.00", "image": "products/item7.jpg", "category": 11, "description": "Warm and comfortable hoodie for dogs, perfect for cooler weather. Designed for both style and functionality with a snug fit.", "is_approved": true}}, {"model": "PettyApp.product", "pk": 8, "fields": {"user": 2, "name": "Cartoon Print Dog Shirt", "price": "5.00", "image": "products/item8.jpg", "category": 11, "description": "Fun and colorful dog shirt featuring playful cartoon prints. Lightweight and breathable, perfect for daily wear and adding personality to your petÆs look.", "is_approved": true}}, {"model": "PettyApp.product", "pk": 9, "fields": {"user": 2, "name": "Fresh Kisses Bird Treats", "price": "5.00", "image": "products/item9.jpg", "category": 3, "description": "Delicious dental treats designed to freshen breath and support oral health. Made with quality ingredients your bird will love.", "is_approved": true}}, {"model": "PettyApp.product", "pk": 10, "fields": {"user": 2, "name": "Premium Dog Food Tray", "price": "5.00", "image": "products/item10.jpg", "category": 12, "description": "High-quality wet dog food with balanced nutrition. Supports healthy growth and energy levels with rich protein content.", "is_approved": true}}, {"model": "PettyApp.product", "pk": 11, "fields": {"user": 2, "name": "Pulsitos Dog Snack Pack", "price": "5.00", "image": "products/item11.jpg", "category": 12, "description": "Tasty and nutritious snack pack for dogs, perfect for training rewards or daily treats. Made with healthy ingredients for better digestion.", "is_approved": true}}, {"model": "PettyApp.product", "pk": 12, "fields": {"user": 2, "name": "Gourmet Cat Meal Tray", "price": "5.00", "image": "products/item12.jpg", "category": 8, "description": "Premium ready-to-eat meal for dogs, packed with essential nutrients and rich flavors. Ensures a balanced diet for your pet.", "is_approved": true}}, {"model": "PettyApp.product", "pk": 13, "fields": {"user": 2, "name": "Natural Dog Treats Pack", "price": "5.00", "image": "products/item13.jpg", "category": 12, "description": "Organic dog treats made with natural ingredients. Supports overall health while being safe and tasty for your pet.", "is_approved": true}}, {"model": "PettyApp.product", "pk": 14, "fields": {"user": 2, "name": "Love Corn Cat Snack", "price": "4.00", "image": "products/item14.jpg", "category": 8, "description": "Crunchy and flavorful snack suitable for pets. A unique treat option that adds variety to your petÆs diet.", "is_approved": true}}, {"model": "PettyApp.product", "pk": 15, "fields": {"user": 2, "name": "ButcherÆs Dog Food Tray", "price": "4.00", "image": "products/item15.jpg", "category": 12, "description": "Premium meat-based wet food designed for strong and healthy dogs. Rich in protein and essential nutrients.", "is_approved": true}}, {"model": "PettyApp.product", "pk": 16, "fields": {"user": 2, "name": "Mini Sausage Dog Treats", "price": "4.00", "image": "products/item16.jpg", "category": 12, "description": "Bite-sized sausage treats perfect for training and rewards. Packed with flavor and loved by dogs of all sizes.", "is_approved": true}}, {"model": "PettyApp.product", "pk": 17, "fields": {"user": 2, "name": "Natural Chew Toy", "price": "3.00", "image": "products/bird-chew.jpg", "category": 1, "description": "Colorful wooden and rope toy designed to keep birds active while promoting healthy beak exercise.", "is_approved": true}}, {"model": "PettyApp.product", "pk": 18, "fields": {"user": 2, "name": "Hanging Bell Toy Set", "price": "3.00", "image": "products/bird-hang.jpg", "category": 1, "description": "Bright and engaging hanging toys with bells to stimulate your birdÆs play and reduce boredom.", "is_approved": true}}, {"model": "PettyApp.product", "pk": 19, "fields": {"user": 2, "name": "Climbing Ladder Toy", "price": "3.00", "image": "products/bird-ladder.jpg", "category": 1, "description": "Durable ladder toy that encourages climbing, movement, and daily physical activity inside the cage.", "is_approved": true}}, {"model": "PettyApp.product", "pk": 20, "fields": {"user": 2, "name": "Interactive Yarn Ball Toy", "price": "3.00", "image": "products/cat-ball.jpg", "category": 6, "description": "Soft and lightweight balls perfect for chasing, batting, and keeping your cat entertained.", "is_approved": true}}, {"model": "PettyApp.product", "pk": 21, "fields": {"user": 2, "name": "Plush Mouse Toy Set", "price": "3.00", "image": "products/cat-mouse.jpg", "category": 6, "description": "Cute and soft mouse toys that trigger your catÆs hunting instincts and playful behavior.", "is_approved": true}}, {"model": "PettyApp.product", "pk": 22, "fields": {"user": 2, "name": "Feather Teaser Wand", "price": "3.00", "image": "products/cat-stick.jpg", "category": 6, "description": "Interactive wand toy with soft feathers to engage your cat in fun and active play sessions.", "is_approved": true}}, {"model": "PettyApp.product", "pk": 23, "fields": {"user": 2, "name": "Rubber Chew Bone", "price": "3.00", "image": "products/dog-chew.jpg", "category": 10, "description": "Strong and durable chew toy that supports dental health and satisfies chewing needs.", "is_approved": true}}, {"model": "PettyApp.product", "pk": 24, "fields": {"user": 2, "name": "Tennis Fetch Balls", "price": "3.00", "image": "products/dog-fetch.jpg", "category": 10, "description": "Perfect for outdoor play, these balls are ideal for fetch games and exercise.", "is_approved": true}}, {"model": "PettyApp.product", "pk": 25, "fields": {"user": 2, "name": "Rope Tug Toy", "price": "3.00", "image": "products/dog-tug.webp", "category": 10, "description": "Heavy-duty rope toy designed for tug-of-war, chewing, and strengthening your dogÆs teeth.", "is_approved": true}}, {"model": "PettyApp.product", "pk": 26, "fields": {"user": 2, "name": "Bee Bird Outfit", "price": "6.00", "image": "products/bee-bird.jpg", "category": 2, "description": "Colorful and fun outfit ideal for photos, events, or special occasions.", "is_approved": true}}, {"model": "PettyApp.product", "pk": 27, "fields": {"user": 2, "name": "Mixed Seed Bird Food", "price": "3.00", "image": "products/bird-mixed.jpg", "category": 3, "description": "Balanced mix of seeds and grains to keep your bird active and healthy.", "is_approved": true}}, {"model": "PettyApp.product", "pk": 28, "fields": {"user": 2, "name": "Nut & Fruit Bird Mix", "price": "5.00", "image": "products/bird-nuts.jpg", "category": 3, "description": "A rich blend of nuts, seeds, and dried fruits for added nutrition and taste.", "is_approved": true}}, {"model": "PettyApp.product", "pk": 29, "fields": {"user": 2, "name": "Bird Flight Suit", "price": "7.00", "image": "products/bird-suit.jpg", "category": 2, "description": "Comfortable suit designed to keep your bird clean while allowing free movement.", "is_approved": true}}, {"model": "PettyApp.product", "pk": 30, "fields": {"user": 2, "name": "Soft Bird Vest", "price": "6.00", "image": "products/bird-vest.jpg", "category": 2, "description": "Lightweight vest that offers gentle protection without restricting wings.", "is_approved": true}}, {"model": "PettyApp.product", "pk": 31, "fields": {"user": 2, "name": "Cozy Cat T-Shirt", "price": "6.00", "image": "products/cat-blue.webp", "category": 7, "description": "Blue,Lightweight and breathable t-shirt designed for everyday comfort and style.", "is_approved": true}}, {"model": "PettyApp.product", "pk": 32, "fields": {"user": 2, "name": "Stylish Cat Frock", "price": "6.00", "image": "products/cat-frock.webp", "category": 7, "description": "Cute and fashionable dress perfect for special occasions or photos.", "is_approved": true}}, {"model": "PettyApp.product", "pk": 33, "fields": {"user": 2, "name": "Warm Cat Hoodie", "price": "6.00", "image": "products/cat-hoodie.jpg", "category": 7, "description": "Soft and snug hoodie to keep your cat warm during cooler days.", "is_approved": true}}, {"model": "PettyApp.product", "pk": 35, "fields": {"user": 2, "name": "Premium Cat Dry Food", "price": "4.00", "image": "products/dry-food.jpg", "category": 8, "description": "Nutritious dry food packed with protein and essential vitamins for healthy growth.", "is_approved": true}}, {"model": "PettyApp.product", "pk": 36, "fields": {"user": 2, "name": "Fish Flakes Food", "price": "4.00", "image": "products/fish-flakes.jpg", "category": 4, "description": "Light and easy-to-digest flakes ideal for daily feeding of tropical fish.", "is_approved": true}}, {"model": "PettyApp.product", "pk": 37, "fields": {"user": 2, "name": "Shrimp-Based Fish Food", "price": "5.00", "image": "products/fish-shrimp.jpg", "category": 4, "description": "Protein-rich shrimp formula that enhances color and supports growth.", "is_approved": true}}, {"model": "PettyApp.product", "pk": 38, "fields": {"user": 2, "name": "Floating Fish Pellets", "price": "3.00", "image": "products/fish-pellet1.jpg", "category": 4, "description": "High-quality floating pellets that support vibrant color and strong immunity.", "is_approved": true}}, {"model": "PettyApp.product", "pk": 39, "fields": {"user": 4, "name": "NILU CRAFT Sweater for Cat (Red, Off-White)", "price": "4.00", "image": "products/xl-cat-and-pet-animal-sweater-nilu-craft-original-imahhjfz8ezksdxh.webp", "category": 7, "description": "Keep your furry friend warm and stylish with the NILU CRAFT Cat Sweater. Designed with comfort and cuteness in mind, this cozy sweater features a charming red and off-white color combination that adds a touch of elegance to your petÆs winter wardrobe.", "is_approved": true}}, {"model": "PettyApp.profile", "pk": 1, "fields": {"user": 2, "image": "profiles/yoriichi-tsugikuni-kimetsu-no-yaiba-d9-3840x2400.jpg", "phone": "8075336873", "gender": "Male", "city": "Kozhikode", "state": "Kerala", "pincode": "673586"}}, {"model": "PettyApp.profile", "pk": 3, "fields": {"user": 4, "image": "", "phone": "", "gender": "", "city": "", "state": "", "pincode": ""}}, {"model": "PettyApp.address", "pk": 1, "fields": {"user": 2, "name": "Savio Rajan", "phone": "8075336873", "house": "Noozhimuriyil (H),Kakkad (PO),Kakkavayal", "area": "Engapuzha", "landmark": "Vanaparvam Bio Diversity Park", "city": "Kozhikode", "state": "Kerala", "pincode": "673586", "is_default": true}}, {"model": "PettyApp.address", "pk": 2, "fields": {"user": 2, "name": "Sandra Rajan", "phone": "8075436873", "house": "Noozhimuriyil (H),Edappally (PO),Chottanikkara", "area": "Edappally", "landmark": "Vanaparvam Bio Diversity Park", "city": "Ernakulam", "state": "Kerala", "pincode": "673587", "is_default": false}}, {"model": "PettyApp.review", "pk": 1, "fields": {"user": 2, "product": 1, "rating": 5, "comment": "Very Good Product", "created_at": "2026-03-29T03:37:11.965Z"}}, {"model": "PettyApp.review", "pk": 2, "fields": {"user": 2, "product": 1, "rating": 4, "comment": "Nice Product", "created_at": "2026-03-29T03:39:33.029Z"}}, {"model": "PettyApp.blog", "pk": 2, "fields": {"user": 2, "title": "Top 5 Tips to Keep Your Dog Healthy", "image": "blogs/blog2_Jdm7hwT.jpg", "content": "Keeping your dog healthy is not just about feeding it regularly, but also about maintaining a balanced lifestyle. A proper diet rich in nutrients, combined with regular exercise, plays a huge role in your dogÆs overall well-being. Daily walks, playtime, and mental stimulation help prevent obesity and behavioral issues. Regular veterinary check-ups ensure early detection of any health problems. Grooming, vaccinations, and keeping your dog hydrated are equally important. A happy dog is a healthy dog, and small daily habits can make a big difference in your petÆs life.", "created_at": "2026-03-30"}}, {"model": "PettyApp.bloglike", "pk": 3, "fields": {"user": 2, "blog": 2}}, {"model": "PettyApp.comment", "pk": 1, "fields": {"user": 2, "blog": 2, "content": "very nice", "created_at": "2026-03-30T07:25:05.909Z"}}, {"model": "PettyApp.reply", "pk": 1, "fields": {"user": 2, "comment": 1, "content": "yeahh", "created_at": "2026-03-30T07:30:26.332Z"}}, {"model": "PettyApp.testimonial", "pk": 1, "fields": {"user": 2, "message": "Great quality products and super fast delivery. My dog absolutely loves the food from here."}}, {"model": "PettyApp.testimonial", "pk": 2, "fields": {"user": 2, "message": "Very Nice Products"}}, {"model": "PettyApp.testimonial", "pk": 3, "fields": {"user": 2, "message": "wow very nice"}}, {"model": "PettyApp.testimonial", "pk": 4, "fields": {"user": 2, "message": "wow what a nice ui"}}, {"model": "PettyApp.testimonial", "pk": 5, "fields": {"user": 2, "message": "no way this is big"}}, {"model": "PettyApp.testimonial", "pk": 6, "fields": {"user": 2, "message": "The Experience Was Marvellous"}}, {"model": "PettyApp.testimonial", "pk": 7, "fields": {"user": 2, "message": "Very Nice"}}, {"model": "PettyApp.cart", "pk": 1, "fields": {"user": 2}}, {"model": "PettyApp.wishlist", "pk": 12, "fields": {"user": 2, "product": 1}}, {"model": "PettyApp.order", "pk": 1, "fields": {"user": 2, "address": 1, "total_price": 14.0, "status": "Shipped", "razorpay_order_id": null, "razorpay_payment_id": null, "is_paid": false, "payment_method": "COD", "return_requested": false, "return_status": "None", "refund_status": "None", "created_at": "2026-03-31T14:59:25.322Z"}}, {"model": "PettyApp.order", "pk": 7, "fields": {"user": 2, "address": 1, "total_price": 19.0, "status": "Pending", "razorpay_order_id": null, "razorpay_payment_id": null, "is_paid": false, "payment_method": "COD", "return_requested": false, "return_status": "None", "refund_status": "None", "created_at": "2026-04-02T04:34:23.630Z"}}, {"model": "PettyApp.order", "pk": 8, "fields": {"user": 2, "address": 1, "total_price": 19.0, "status": "Shipped", "razorpay_order_id": null, "razorpay_payment_id": null, "is_paid": true, "payment_method": "COD", "return_requested": false, "return_status": "None", "refund_status": "None", "created_at": "2026-04-05T04:25:49.949Z"}}, {"model": "PettyApp.order", "pk": 9, "fields": {"user": 2, "address": 1, "total_price": 10.0, "status": "Delivered", "razorpay_order_id": "order_Sa9IPvyR7VWv2v", "razorpay_payment_id": null, "is_paid": true, "payment_method": "ONLINE", "return_requested": true, "return_status": "Approved", "refund_status": "Processed", "created_at": "2026-04-06T08:56:47.743Z"}}, {"model": "PettyApp.order", "pk": 10, "fields": {"user": 2, "address": 1, "total_price": 10.0, "status": "Delivered", "razorpay_order_id": null, "razorpay_payment_id": null, "is_paid": true, "payment_method": "COD", "return_requested": true, "return_status": "Approved", "refund_status": "Processed", "created_at": "2026-04-06T08:56:54.142Z"}}, {"model": "PettyApp.orderitem", "pk": 1, "fields": {"order": 1, "product": 1, "quantity": 1}}, {"model": "PettyApp.orderitem", "pk": 2, "fields": {"order": 1, "product": 2, "quantity": 1}}, {"model": "PettyApp.orderitem", "pk": 3, "fields": {"order": 1, "product": 3, "quantity": 1}}, {"model": "PettyApp.orderitem", "pk": 23, "fields": {"order": 7, "product": 1, "quantity": 1}}, {"model": "PettyApp.orderitem", "pk": 24, "fields": {"order": 7, "product": 2, "quantity": 1}}, {"model": "PettyApp.orderitem", "pk": 25, "fields": {"order": 7, "product": 4, "quantity": 1}}, {"model": "PettyApp.orderitem", "pk": 26, "fields": {"order": 7, "product": 3, "quantity": 1}}, {"model": "PettyApp.orderitem", "pk": 27, "fields": {"order": 8, "product": 1, "quantity": 1}}, {"model": "PettyApp.orderitem", "pk": 28, "fields": {"order": 8, "product": 2, "quantity": 1}}, {"model": "PettyApp.orderitem", "pk": 29, "fields": {"order": 8, "product": 3, "quantity": 1}}, {"model": "PettyApp.orderitem", "pk": 30, "fields": {"order": 8, "product": 4, "quantity": 1}}, {"model": "PettyApp.orderitem", "pk": 31, "fields": {"order": 9, "product": 2, "quantity": 1}}, {"model": "PettyApp.orderitem", "pk": 32, "fields": {"order": 9, "product": 3, "quantity": 1}}, {"model": "PettyApp.orderitem", "pk": 33, "fields": {"order": 10, "product": 2, "quantity": 1}}, {"model": "PettyApp.orderitem", "pk": 34, "fields": {"order": 10, "product": 3, "quantity": 1}}]
