[{"model": "admin.logentry", "pk": 1, "fields": {"action_time": "2026-03-28T03:01:42.468Z", "user": 1, "content_type": 10, "object_id": "1", "object_repr": "Dog", "action_flag": 1, "change_message": "[{\"added\": {}}]"}}, {"model": "admin.logentry", "pk": 2, "fields": {"action_time": "2026-03-28T03:01:48.044Z", "user": 1, "content_type": 10, "object_id": "2", "object_repr": "Cat", "action_flag": 1, "change_message": "[{\"added\": {}}]"}}, {"model": "admin.logentry", "pk": 3, "fields": {"action_time": "2026-03-28T03:01:52.986Z", "user": 1, "content_type": 10, "object_id": "3", "object_repr": "Fish", "action_flag": 1, "change_message": "[{\"added\": {}}]"}}, {"model": "admin.logentry", "pk": 4, "fields": {"action_time": "2026-03-28T03:01:58.317Z", "user": 1, "content_type": 10, "object_id": "4", "object_repr": "Bird", "action_flag": 1, "change_message": "[{\"added\": {}}]"}}, {"model": "admin.logentry", "pk": 5, "fields": {"action_time": "2026-03-28T03:03:30.225Z", "user": 1, "content_type": 13, "object_id": "1", "object_repr": "Bunny T-Shirt", "action_flag": 2, "change_message": "[{\"changed\": {\"fields\": [\"Is approved\"]}}]"}}, {"model": "admin.logentry", "pk": 6, "fields": {"action_time": "2026-03-28T03:03:46.194Z", "user": 1, "content_type": 13, "object_id": "1", "object_repr": "Bunny T-Shirt", "action_flag": 2, "change_message": "[{\"changed\": {\"fields\": [\"Is approved\"]}}]"}}, {"model": "admin.logentry", "pk": 7, "fields": {"action_time": "2026-03-28T03:14:24.091Z", "user": 1, "content_type": 13, "object_id": "6", "object_repr": "Dog Wet Food Tray", "action_flag": 2, "change_message": "[{\"changed\": {\"fields\": [\"Description\", \"Is approved\"]}}]"}}, {"model": "admin.logentry", "pk": 8, "fields": {"action_time": "2026-03-28T03:18:38.797Z", "user": 1, "content_type": 10, "object_id": "5", "object_repr": "Food", "action_flag": 1, "change_message": "[{\"added\": {}}]"}}, {"model": "admin.logentry", "pk": 9, "fields": {"action_time": "2026-03-28T03:22:22.098Z", "user": 1, "content_type": 10, "object_id": "5", "object_repr": "Food", "action_flag": 3, "change_message": ""}}, {"model": "admin.logentry", "pk": 10, "fields": {"action_time": "2026-03-28T03:23:31.114Z", "user": 1, "content_type": 13, "object_id": "14", "object_repr": "Love Corn Cat Snack", "action_flag": 2, "change_message": "[{\"changed\": {\"fields\": [\"Is approved\"]}}]"}}, {"model": "admin.logentry", "pk": 11, "fields": {"action_time": "2026-03-28T03:23:46.734Z", "user": 1, "content_type": 13, "object_id": "16", "object_repr": "Mini Sausage Dog Treats", "action_flag": 2, "change_message": "[{\"changed\": {\"fields\": [\"Is approved\"]}}]"}}, {"model": "admin.logentry", "pk": 12, "fields": {"action_time": "2026-03-28T03:23:51.009Z", "user": 1, "content_type": 13, "object_id": "16", "object_repr": "Mini Sausage Dog Treats", "action_flag": 2, "change_message": "[]"}}, {"model": "admin.logentry", "pk": 13, "fields": {"action_time": "2026-03-28T03:24:03.066Z", "user": 1, "content_type": 13, "object_id": "15", "object_repr": "ButcherÆs Dog Food Tray", "action_flag": 2, "change_message": "[{\"changed\": {\"fields\": [\"Is approved\"]}}]"}}, {"model": "admin.logentry", "pk": 14, "fields": {"action_time": "2026-03-28T03:24:08.941Z", "user": 1, "content_type": 13, "object_id": "13", "object_repr": "Natural Dog Treats Pack", "action_flag": 2, "change_message": "[{\"changed\": {\"fields\": [\"Is approved\"]}}]"}}, {"model": "admin.logentry", "pk": 15, "fields": {"action_time": "2026-03-28T03:24:13.682Z", "user": 1, "content_type": 13, "object_id": "12", "object_repr": "Gourmet Dog Meal Tray", "action_flag": 2, "change_message": "[{\"changed\": {\"fields\": [\"Is approved\"]}}]"}}, {"model": "admin.logentry", "pk": 16, "fields": {"action_time": "2026-03-28T03:24:25.074Z", "user": 1, "content_type": 13, "object_id": "12", "object_repr": "Gourmet Dog Meal Tray", "action_flag": 2, "change_message": "[]"}}, {"model": "admin.logentry", "pk": 17, "fields": {"action_time": "2026-03-28T03:24:31.754Z", "user": 1, "content_type": 13, "object_id": "11", "object_repr": "Pulsitos Dog Snack Pack", "action_flag": 2, "change_message": "[{\"changed\": {\"fields\": [\"Is approved\"]}}]"}}, {"model": "admin.logentry", "pk": 18, "fields": {"action_time": "2026-03-28T03:24:38.172Z", "user": 1, "content_type": 13, "object_id": "10", "object_repr": "Premium Dog Food Tray", "action_flag": 2, "change_message": "[{\"changed\": {\"fields\": [\"Is approved\"]}}]"}}, {"model": "admin.logentry", "pk": 19, "fields": {"action_time": "2026-03-28T03:24:47.826Z", "user": 1, "content_type": 13, "object_id": "9", "object_repr": "Fresh Kisses Dog Treats", "action_flag": 2, "change_message": "[{\"changed\": {\"fields\": [\"Is approved\"]}}]"}}, {"model": "admin.logentry", "pk": 20, "fields": {"action_time": "2026-03-28T03:24:52.354Z", "user": 1, "content_type": 13, "object_id": "8", "object_repr": "Cartoon Print Dog Shirt", "action_flag": 2, "change_message": "[{\"changed\": {\"fields\": [\"Is approved\"]}}]"}}, {"model": "admin.logentry", "pk": 21, "fields": {"action_time": "2026-03-28T03:24:57.092Z", "user": 1, "content_type": 13, "object_id": "7", "object_repr": "Yellow Hoodie Dog Outfit", "action_flag": 2, "change_message": "[{\"changed\": {\"fields\": [\"Is approved\"]}}]"}}, {"model": "admin.logentry", "pk": 22, "fields": {"action_time": "2026-03-28T03:25:03.393Z", "user": 1, "content_type": 13, "object_id": "5", "object_repr": "Wooden Pet House", "action_flag": 2, "change_message": "[{\"changed\": {\"fields\": [\"Is approved\"]}}]"}}, {"model": "admin.logentry", "pk": 23, "fields": {"action_time": "2026-03-28T03:25:08.326Z", "user": 1, "content_type": 13, "object_id": "4", "object_repr": "Black Polo Dog Shirt", "action_flag": 2, "change_message": "[{\"changed\": {\"fields\": [\"Is approved\"]}}]"}}, {"model": "admin.logentry", "pk": 24, "fields": {"action_time": "2026-03-28T03:25:13.858Z", "user": 1, "content_type": 13, "object_id": "3", "object_repr": "Pink Comfort Dog T-Shirt", "action_flag": 2, "change_message": "[{\"changed\": {\"fields\": [\"Is approved\"]}}]"}}, {"model": "admin.logentry", "pk": 25, "fields": {"action_time": "2026-03-28T03:25:17.843Z", "user": 1, "content_type": 13, "object_id": "2", "object_repr": "Denim Dog Jacket", "action_flag": 2, "change_message": "[{\"changed\": {\"fields\": [\"Is approved\"]}}]"}}, {"model": "admin.logentry", "pk": 26, "fields": {"action_time": "2026-03-28T03:30:01.542Z", "user": 1, "content_type": 10, "object_id": "6", "object_repr": "Food", "action_flag": 1, "change_message": "[{\"added\": {}}]"}}, {"model": "admin.logentry", "pk": 27, "fields": {"action_time": "2026-03-28T03:30:21.351Z", "user": 1, "content_type": 10, "object_id": "6", "object_repr": "food", "action_flag": 2, "change_message": "[{\"changed\": {\"fields\": [\"Name\"]}}]"}}, {"model": "admin.logentry", "pk": 28, "fields": {"action_time": "2026-03-28T03:30:28.422Z", "user": 1, "content_type": 10, "object_id": "4", "object_repr": "bird", "action_flag": 2, "change_message": "[{\"changed\": {\"fields\": [\"Name\"]}}]"}}, {"model": "admin.logentry", "pk": 29, "fields": {"action_time": "2026-03-28T03:30:34.492Z", "user": 1, "content_type": 10, "object_id": "3", "object_repr": "fish", "action_flag": 2, "change_message": "[{\"changed\": {\"fields\": [\"Name\"]}}]"}}, {"model": "admin.logentry", "pk": 30, "fields": {"action_time": "2026-03-28T03:30:39.693Z", "user": 1, "content_type": 10, "object_id": "2", "object_repr": "cat", "action_flag": 2, "change_message": "[{\"changed\": {\"fields\": [\"Name\"]}}]"}}, {"model": "admin.logentry", "pk": 31, "fields": {"action_time": "2026-03-28T03:30:45.846Z", "user": 1, "content_type": 10, "object_id": "1", "object_repr": "dog", "action_flag": 2, "change_message": "[{\"changed\": {\"fields\": [\"Name\"]}}]"}}, {"model": "admin.logentry", "pk": 32, "fields": {"action_time": "2026-03-28T03:31:34.560Z", "user": 1, "content_type": 13, "object_id": "14", "object_repr": "Love Corn Pet Snack", "action_flag": 2, "change_message": "[{\"changed\": {\"fields\": [\"Name\", \"Category\"]}}]"}}, {"model": "admin.logentry", "pk": 33, "fields": {"action_time": "2026-03-28T03:32:14.531Z", "user": 1, "content_type": 13, "object_id": "16", "object_repr": "Mini Sausage Dog Treats", "action_flag": 2, "change_message": "[{\"changed\": {\"fields\": [\"Category\"]}}]"}}, {"model": "admin.logentry", "pk": 34, "fields": {"action_time": "2026-03-28T03:32:24.528Z", "user": 1, "content_type": 13, "object_id": "13", "object_repr": "Natural Dog Treats Pack", "action_flag": 2, "change_message": "[{\"changed\": {\"fields\": [\"Category\"]}}]"}}, {"model": "admin.logentry", "pk": 35, "fields": {"action_time": "2026-03-28T03:32:33.341Z", "user": 1, "content_type": 13, "object_id": "11", "object_repr": "Pulsitos Dog Snack Pack", "action_flag": 2, "change_message": "[{\"changed\": {\"fields\": [\"Category\"]}}]"}}, {"model": "admin.logentry", "pk": 36, "fields": {"action_time": "2026-03-28T03:32:42.692Z", "user": 1, "content_type": 13, "object_id": "11", "object_repr": "Pulsitos Dog Snack Pack", "action_flag": 2, "change_message": "[]"}}, {"model": "admin.logentry", "pk": 37, "fields": {"action_time": "2026-03-28T03:32:50.549Z", "user": 1, "content_type": 13, "object_id": "9", "object_repr": "Fresh Kisses Dog Treats", "action_flag": 2, "change_message": "[{\"changed\": {\"fields\": [\"Category\"]}}]"}}, {"model": "admin.logentry", "pk": 38, "fields": {"action_time": "2026-03-28T03:38:09.191Z", "user": 1, "content_type": 10, "object_id": "6", "object_repr": "dog-food", "action_flag": 2, "change_message": "[{\"changed\": {\"fields\": [\"Name\"]}}]"}}, {"model": "admin.logentry", "pk": 39, "fields": {"action_time": "2026-03-28T03:38:22.926Z", "user": 1, "content_type": 10, "object_id": "4", "object_repr": "dog-clothes", "action_flag": 2, "change_message": "[{\"changed\": {\"fields\": [\"Name\"]}}]"}}, {"model": "admin.logentry", "pk": 40, "fields": {"action_time": "2026-03-28T03:38:31.166Z", "user": 1, "content_type": 10, "object_id": "3", "object_repr": "dog-toys", "action_flag": 2, "change_message": "[{\"changed\": {\"fields\": [\"Name\"]}}]"}}, {"model": "admin.logentry", "pk": 41, "fields": {"action_time": "2026-03-28T03:38:37.808Z", "user": 1, "content_type": 10, "object_id": "2", "object_repr": "cat-food", "action_flag": 2, "change_message": "[{\"changed\": {\"fields\": [\"Name\"]}}]"}}, {"model": "admin.logentry", "pk": 42, "fields": {"action_time": "2026-03-28T03:38:53.956Z", "user": 1, "content_type": 10, "object_id": "1", "object_repr": "cat-clothes", "action_flag": 2, "change_message": "[{\"changed\": {\"fields\": [\"Name\"]}}]"}}, {"model": "admin.logentry", "pk": 43, "fields": {"action_time": "2026-03-28T03:39:08.957Z", "user": 1, "content_type": 10, "object_id": "7", "object_repr": "cat-toys", "action_flag": 1, "change_message": "[{\"added\": {}}]"}}, {"model": "admin.logentry", "pk": 44, "fields": {"action_time": "2026-03-28T03:40:35.717Z", "user": 1, "content_type": 10, "object_id": "8", "object_repr": "fish-food", "action_flag": 1, "change_message": "[{\"added\": {}}]"}}, {"model": "admin.logentry", "pk": 45, "fields": {"action_time": "2026-03-28T03:40:41.198Z", "user": 1, "content_type": 10, "object_id": "9", "object_repr": "fish-clothes", "action_flag": 1, "change_message": "[{\"added\": {}}]"}}, {"model": "admin.logentry", "pk": 46, "fields": {"action_time": "2026-03-28T03:40:55.867Z", "user": 1, "content_type": 10, "object_id": "10", "object_repr": "bird-food", "action_flag": 1, "change_message": "[{\"added\": {}}]"}}, {"model": "admin.logentry", "pk": 47, "fields": {"action_time": "2026-03-28T03:41:01.839Z", "user": 1, "content_type": 10, "object_id": "11", "object_repr": "bird-clothes", "action_flag": 1, "change_message": "[{\"added\": {}}]"}}, {"model": "admin.logentry", "pk": 48, "fields": {"action_time": "2026-03-28T03:41:20.633Z", "user": 1, "content_type": 10, "object_id": "12", "object_repr": "bird-toys", "action_flag": 1, "change_message": "[{\"added\": {}}]"}}, {"model": "admin.logentry", "pk": 49, "fields": {"action_time": "2026-03-28T03:41:31.057Z", "user": 1, "content_type": 10, "object_id": "9", "object_repr": "fish-clothes", "action_flag": 3, "change_message": ""}}, {"model": "admin.logentry", "pk": 50, "fields": {"action_time": "2026-03-28T03:41:49.787Z", "user": 1, "content_type": 10, "object_id": "12", "object_repr": "bird-toys", "action_flag": 2, "change_message": "[]"}}, {"model": "admin.logentry", "pk": 51, "fields": {"action_time": "2026-03-28T03:42:01.030Z", "user": 1, "content_type": 10, "object_id": "12", "object_repr": "dog-food", "action_flag": 2, "change_message": "[{\"changed\": {\"fields\": [\"Name\"]}}]"}}, {"model": "admin.logentry", "pk": 52, "fields": {"action_time": "2026-03-28T03:42:07.244Z", "user": 1, "content_type": 10, "object_id": "11", "object_repr": "dog-clothes", "action_flag": 2, "change_message": "[{\"changed\": {\"fields\": [\"Name\"]}}]"}}, {"model": "admin.logentry", "pk": 53, "fields": {"action_time": "2026-03-28T03:42:21.996Z", "user": 1, "content_type": 10, "object_id": "10", "object_repr": "dog-toy", "action_flag": 2, "change_message": "[{\"changed\": {\"fields\": [\"Name\"]}}]"}}, {"model": "admin.logentry", "pk": 54, "fields": {"action_time": "2026-03-28T03:42:31.649Z", "user": 1, "content_type": 10, "object_id": "8", "object_repr": "cat-food", "action_flag": 2, "change_message": "[{\"changed\": {\"fields\": [\"Name\"]}}]"}}, {"model": "admin.logentry", "pk": 55, "fields": {"action_time": "2026-03-28T03:42:39.073Z", "user": 1, "content_type": 10, "object_id": "7", "object_repr": "cat-cloth", "action_flag": 2, "change_message": "[{\"changed\": {\"fields\": [\"Name\"]}}]"}}, {"model": "admin.logentry", "pk": 56, "fields": {"action_time": "2026-03-28T03:42:50.083Z", "user": 1, "content_type": 10, "object_id": "6", "object_repr": "cat-toy", "action_flag": 2, "change_message": "[{\"changed\": {\"fields\": [\"Name\"]}}]"}}, {"model": "admin.logentry", "pk": 57, "fields": {"action_time": "2026-03-28T03:43:31.865Z", "user": 1, "content_type": 10, "object_id": "4", "object_repr": "fish-food", "action_flag": 2, "change_message": "[{\"changed\": {\"fields\": [\"Name\"]}}]"}}, {"model": "admin.logentry", "pk": 58, "fields": {"action_time": "2026-03-28T03:44:03.328Z", "user": 1, "content_type": 10, "object_id": "3", "object_repr": "bird-food", "action_flag": 2, "change_message": "[{\"changed\": {\"fields\": [\"Name\"]}}]"}}, {"model": "admin.logentry", "pk": 59, "fields": {"action_time": "2026-03-28T03:44:11.219Z", "user": 1, "content_type": 10, "object_id": "2", "object_repr": "bird-cloth", "action_flag": 2, "change_message": "[{\"changed\": {\"fields\": [\"Name\"]}}]"}}, {"model": "admin.logentry", "pk": 60, "fields": {"action_time": "2026-03-28T03:44:22.757Z", "user": 1, "content_type": 10, "object_id": "1", "object_repr": "bird-toy", "action_flag": 2, "change_message": "[{\"changed\": {\"fields\": [\"Name\"]}}]"}}, {"model": "admin.logentry", "pk": 61, "fields": {"action_time": "2026-03-28T03:44:35.807Z", "user": 1, "content_type": 13, "object_id": "16", "object_repr": "Mini Sausage Dog Treats", "action_flag": 2, "change_message": "[{\"changed\": {\"fields\": [\"Category\"]}}]"}}, {"model": "admin.logentry", "pk": 62, "fields": {"action_time": "2026-03-28T03:44:43.636Z", "user": 1, "content_type": 13, "object_id": "15", "object_repr": "ButcherÆs Dog Food Tray", "action_flag": 2, "change_message": "[{\"changed\": {\"fields\": [\"Category\"]}}]"}}, {"model": "admin.logentry", "pk": 63, "fields": {"action_time": "2026-03-28T03:45:08.169Z", "user": 1, "content_type": 13, "object_id": "14", "object_repr": "Love Corn Cat Snack", "action_flag": 2, "change_message": "[{\"changed\": {\"fields\": [\"Name\", \"Category\"]}}]"}}, {"model": "admin.logentry", "pk": 64, "fields": {"action_time": "2026-03-28T03:45:15.505Z", "user": 1, "content_type": 13, "object_id": "13", "object_repr": "Natural Dog Treats Pack", "action_flag": 2, "change_message": "[{\"changed\": {\"fields\": [\"Category\"]}}]"}}, {"model": "admin.logentry", "pk": 65, "fields": {"action_time": "2026-03-28T03:45:48.171Z", "user": 1, "content_type": 13, "object_id": "12", "object_repr": "Gourmet Cat Meal Tray", "action_flag": 2, "change_message": "[{\"changed\": {\"fields\": [\"Name\", \"Category\"]}}]"}}, {"model": "admin.logentry", "pk": 66, "fields": {"action_time": "2026-03-28T03:45:56.690Z", "user": 1, "content_type": 13, "object_id": "11", "object_repr": "Pulsitos Dog Snack Pack", "action_flag": 2, "change_message": "[{\"changed\": {\"fields\": [\"Category\"]}}]"}}, {"model": "admin.logentry", "pk": 67, "fields": {"action_time": "2026-03-28T03:46:03.606Z", "user": 1, "content_type": 13, "object_id": "10", "object_repr": "Premium Dog Food Tray", "action_flag": 2, "change_message": "[{\"changed\": {\"fields\": [\"Category\"]}}]"}}, {"model": "admin.logentry", "pk": 68, "fields": {"action_time": "2026-03-28T03:46:32.809Z", "user": 1, "content_type": 13, "object_id": "9", "object_repr": "Fresh Kisses Bird Treats", "action_flag": 2, "change_message": "[{\"changed\": {\"fields\": [\"Name\", \"Category\", \"Description\"]}}]"}}, {"model": "admin.logentry", "pk": 69, "fields": {"action_time": "2026-03-28T03:46:53.363Z", "user": 1, "content_type": 13, "object_id": "8", "object_repr": "Cartoon Print Dog Shirt", "action_flag": 2, "change_message": "[{\"changed\": {\"fields\": [\"Category\"]}}]"}}, {"model": "admin.logentry", "pk": 70, "fields": {"action_time": "2026-03-28T03:47:00.276Z", "user": 1, "content_type": 13, "object_id": "7", "object_repr": "Yellow Hoodie Dog Outfit", "action_flag": 2, "change_message": "[{\"changed\": {\"fields\": [\"Category\"]}}]"}}, {"model": "admin.logentry", "pk": 71, "fields": {"action_time": "2026-03-28T03:47:15.568Z", "user": 1, "content_type": 13, "object_id": "6", "object_repr": "Dog Wet Food Tray", "action_flag": 2, "change_message": "[{\"changed\": {\"fields\": [\"Category\"]}}]"}}, {"model": "admin.logentry", "pk": 72, "fields": {"action_time": "2026-03-28T03:47:53.842Z", "user": 1, "content_type": 13, "object_id": "5", "object_repr": "Wooden Pet House", "action_flag": 2, "change_message": "[]"}}, {"model": "admin.logentry", "pk": 73, "fields": {"action_time": "2026-03-28T03:48:07.931Z", "user": 1, "content_type": 10, "object_id": "13", "object_repr": "dog-house", "action_flag": 1, "change_message": "[{\"added\": {}}]"}}, {"model": "admin.logentry", "pk": 74, "fields": {"action_time": "2026-03-28T03:48:12.624Z", "user": 1, "content_type": 10, "object_id": "14", "object_repr": "cat-house", "action_flag": 1, "change_message": "[{\"added\": {}}]"}}, {"model": "admin.logentry", "pk": 75, "fields": {"action_time": "2026-03-28T03:48:19.653Z", "user": 1, "content_type": 10, "object_id": "15", "object_repr": "bird-house", "action_flag": 1, "change_message": "[{\"added\": {}}]"}}, {"model": "admin.logentry", "pk": 76, "fields": {"action_time": "2026-03-28T03:48:27.621Z", "user": 1, "content_type": 10, "object_id": "16", "object_repr": "aquarium", "action_flag": 1, "change_message": "[{\"added\": {}}]"}}, {"model": "admin.logentry", "pk": 77, "fields": {"action_time": "2026-03-28T03:48:45.666Z", "user": 1, "content_type": 13, "object_id": "5", "object_repr": "Wooden Pet House", "action_flag": 2, "change_message": "[{\"changed\": {\"fields\": [\"Category\"]}}]"}}, {"model": "admin.logentry", "pk": 78, "fields": {"action_time": "2026-03-28T03:49:01.079Z", "user": 1, "content_type": 13, "object_id": "4", "object_repr": "Black Polo Dog Shirt", "action_flag": 2, "change_message": "[{\"changed\": {\"fields\": [\"Category\"]}}]"}}, {"model": "admin.logentry", "pk": 79, "fields": {"action_time": "2026-03-28T03:49:08.755Z", "user": 1, "content_type": 13, "object_id": "3", "object_repr": "Pink Comfort Dog T-Shirt", "action_flag": 2, "change_message": "[{\"changed\": {\"fields\": [\"Category\"]}}]"}}, {"model": "admin.logentry", "pk": 80, "fields": {"action_time": "2026-03-28T03:49:20.218Z", "user": 1, "content_type": 13, "object_id": "2", "object_repr": "Denim Dog Jacket", "action_flag": 2, "change_message": "[{\"changed\": {\"fields\": [\"Category\"]}}]"}}, {"model": "admin.logentry", "pk": 81, "fields": {"action_time": "2026-03-28T03:49:30.250Z", "user": 1, "content_type": 13, "object_id": "1", "object_repr": "Bunny T-Shirt", "action_flag": 2, "change_message": "[{\"changed\": {\"fields\": [\"Category\", \"Is approved\"]}}]"}}, {"model": "admin.logentry", "pk": 82, "fields": {"action_time": "2026-03-28T04:59:10.076Z", "user": 1, "content_type": 13, "object_id": "25", "object_repr": "Rope Tug Toy", "action_flag": 2, "change_message": "[{\"changed\": {\"fields\": [\"Is approved\"]}}]"}}, {"model": "admin.logentry", "pk": 83, "fields": {"action_time": "2026-03-28T04:59:15.341Z", "user": 1, "content_type": 13, "object_id": "24", "object_repr": "Tennis Fetch Balls", "action_flag": 2, "change_message": "[{\"changed\": {\"fields\": [\"Is approved\"]}}]"}}, {"model": "admin.logentry", "pk": 84, "fields": {"action_time": "2026-03-28T04:59:19.619Z", "user": 1, "content_type": 13, "object_id": "23", "object_repr": "Rubber Chew Bone", "action_flag": 2, "change_message": "[{\"changed\": {\"fields\": [\"Is approved\"]}}]"}}, {"model": "admin.logentry", "pk": 85, "fields": {"action_time": "2026-03-28T04:59:24.378Z", "user": 1, "content_type": 13, "object_id": "22", "object_repr": "Feather Teaser Wand", "action_flag": 2, "change_message": "[{\"changed\": {\"fields\": [\"Is approved\"]}}]"}}, {"model": "admin.logentry", "pk": 86, "fields": {"action_time": "2026-03-28T04:59:28.547Z", "user": 1, "content_type": 13, "object_id": "21", "object_repr": "Plush Mouse Toy Set", "action_flag": 2, "change_message": "[{\"changed\": {\"fields\": [\"Is approved\"]}}]"}}, {"model": "admin.logentry", "pk": 87, "fields": {"action_time": "2026-03-28T04:59:32.303Z", "user": 1, "content_type": 13, "object_id": "20", "object_repr": "Interactive Yarn Ball Toy", "action_flag": 2, "change_message": "[{\"changed\": {\"fields\": [\"Is approved\"]}}]"}}, {"model": "admin.logentry", "pk": 88, "fields": {"action_time": "2026-03-28T04:59:36.866Z", "user": 1, "content_type": 13, "object_id": "19", "object_repr": "Climbing Ladder Toy", "action_flag": 2, "change_message": "[{\"changed\": {\"fields\": [\"Is approved\"]}}]"}}, {"model": "admin.logentry", "pk": 89, "fields": {"action_time": "2026-03-28T04:59:41.220Z", "user": 1, "content_type": 13, "object_id": "18", "object_repr": "Hanging Bell Toy Set", "action_flag": 2, "change_message": "[{\"changed\": {\"fields\": [\"Is approved\"]}}]"}}, {"model": "admin.logentry", "pk": 90, "fields": {"action_time": "2026-03-28T04:59:45.236Z", "user": 1, "content_type": 13, "object_id": "17", "object_repr": "Natural Chew Toy", "action_flag": 2, "change_message": "[{\"changed\": {\"fields\": [\"Is approved\"]}}]"}}, {"model": "admin.logentry", "pk": 91, "fields": {"action_time": "2026-03-28T05:31:24.185Z", "user": 1, "content_type": 13, "object_id": "26", "object_repr": "Bee Bird Outfit", "action_flag": 2, "change_message": "[{\"changed\": {\"fields\": [\"Is approved\"]}}]"}}, {"model": "admin.logentry", "pk": 92, "fields": {"action_time": "2026-03-28T05:32:46.181Z", "user": 1, "content_type": 13, "object_id": "27", "object_repr": "Mixed Seed Bird Food", "action_flag": 2, "change_message": "[{\"changed\": {\"fields\": [\"Is approved\"]}}]"}}, {"model": "admin.logentry", "pk": 93, "fields": {"action_time": "2026-03-28T05:33:48.950Z", "user": 1, "content_type": 13, "object_id": "28", "object_repr": "Nut & Fruit Bird Mix", "action_flag": 2, "change_message": "[{\"changed\": {\"fields\": [\"Is approved\"]}}]"}}, {"model": "admin.logentry", "pk": 94, "fields": {"action_time": "2026-03-28T05:34:55.218Z", "user": 1, "content_type": 13, "object_id": "29", "object_repr": "Bird Flight Suit", "action_flag": 2, "change_message": "[{\"changed\": {\"fields\": [\"Is approved\"]}}]"}}, {"model": "admin.logentry", "pk": 95, "fields": {"action_time": "2026-03-28T05:35:26.708Z", "user": 1, "content_type": 13, "object_id": "30", "object_repr": "Soft Bird Vest", "action_flag": 2, "change_message": "[{\"changed\": {\"fields\": [\"Is approved\"]}}]"}}, {"model": "admin.logentry", "pk": 96, "fields": {"action_time": "2026-03-28T05:36:34.286Z", "user": 1, "content_type": 13, "object_id": "31", "object_repr": "Cozy Cat T-Shirt", "action_flag": 2, "change_message": "[{\"changed\": {\"fields\": [\"Is approved\"]}}]"}}, {"model": "admin.logentry", "pk": 97, "fields": {"action_time": "2026-03-28T05:37:12.553Z", "user": 1, "content_type": 13, "object_id": "32", "object_repr": "Stylish Cat Frock", "action_flag": 2, "change_message": "[{\"changed\": {\"fields\": [\"Is approved\"]}}]"}}, {"model": "admin.logentry", "pk": 98, "fields": {"action_time": "2026-03-28T05:38:09.282Z", "user": 1, "content_type": 13, "object_id": "33", "object_repr": "Warm Cat Hoodie", "action_flag": 2, "change_message": "[{\"changed\": {\"fields\": [\"Is approved\"]}}]"}}, {"model": "admin.logentry", "pk": 99, "fields": {"action_time": "2026-03-28T05:38:33.898Z", "user": 1, "content_type": 13, "object_id": "34", "object_repr": "Warm Cat Hoodie", "action_flag": 3, "change_message": ""}}, {"model": "admin.logentry", "pk": 100, "fields": {"action_time": "2026-03-28T05:39:55.378Z", "user": 1, "content_type": 13, "object_id": "35", "object_repr": "Premium Cat Dry Food", "action_flag": 2, "change_message": "[{\"changed\": {\"fields\": [\"Is approved\"]}}]"}}, {"model": "admin.logentry", "pk": 101, "fields": {"action_time": "2026-03-28T05:41:17.757Z", "user": 1, "content_type": 13, "object_id": "36", "object_repr": "Fish Flakes Food", "action_flag": 2, "change_message": "[{\"changed\": {\"fields\": [\"Is approved\"]}}]"}}, {"model": "admin.logentry", "pk": 102, "fields": {"action_time": "2026-03-28T05:42:30.533Z", "user": 1, "content_type": 13, "object_id": "38", "object_repr": "Floating Fish Pellets", "action_flag": 2, "change_message": "[{\"changed\": {\"fields\": [\"Is approved\"]}}]"}}, {"model": "admin.logentry", "pk": 103, "fields": {"action_time": "2026-03-28T05:42:34.513Z", "user": 1, "content_type": 13, "object_id": "37", "object_repr": "Shrimp-Based Fish Food", "action_flag": 2, "change_message": "[{\"changed\": {\"fields\": [\"Is approved\"]}}]"}}, {"model": "admin.logentry", "pk": 104, "fields": {"action_time": "2026-03-28T05:51:21.718Z", "user": 1, "content_type": 10, "object_id": "11", "object_repr": "dog-cloth", "action_flag": 2, "change_message": "[{\"changed\": {\"fields\": [\"Name\"]}}]"}}, {"model": "admin.logentry", "pk": 105, "fields": {"action_time": "2026-03-28T05:58:36.647Z", "user": 1, "content_type": 10, "object_id": "7", "object_repr": "cat-cloth", "action_flag": 2, "change_message": "[]"}}, {"model": "admin.logentry", "pk": 106, "fields": {"action_time": "2026-03-28T05:58:54.515Z", "user": 1, "content_type": 13, "object_id": "32", "object_repr": "Stylish Cat Frock", "action_flag": 2, "change_message": "[]"}}, {"model": "admin.logentry", "pk": 107, "fields": {"action_time": "2026-03-30T05:01:08.513Z", "user": 1, "content_type": 17, "object_id": "1", "object_repr": "Savio12", "action_flag": 1, "change_message": "[{\"added\": {}}]"}}, {"model": "admin.logentry", "pk": 108, "fields": {"action_time": "2026-03-30T05:01:21.861Z", "user": 1, "content_type": 17, "object_id": "1", "object_repr": "Savio12", "action_flag": 2, "change_message": "[{\"changed\": {\"fields\": [\"City\", \"State\", \"Pincode\"]}}]"}}, {"model": "admin.logentry", "pk": 109, "fields": {"action_time": "2026-03-30T06:43:29.510Z", "user": 1, "content_type": 7, "object_id": "1", "object_repr": "Top 5 Tips to Keep Your Dog Healthy", "action_flag": 3, "change_message": ""}}, {"model": "admin.logentry", "pk": 110, "fields": {"action_time": "2026-03-31T15:13:39.025Z", "user": 1, "content_type": 11, "object_id": "1", "object_repr": "Order object (1)", "action_flag": 2, "change_message": "[{\"changed\": {\"fields\": [\"Status\"]}}]"}}, {"model": "admin.logentry", "pk": 111, "fields": {"action_time": "2026-04-07T03:15:12.072Z", "user": 1, "content_type": 4, "object_id": "2", "object_repr": "Savio12", "action_flag": 2, "change_message": "[{\"changed\": {\"fields\": [\"Staff status\"]}}]"}}, {"model": "admin.logentry", "pk": 112, "fields": {"action_time": "2026-04-07T03:15:41.204Z", "user": 1, "content_type": 4, "object_id": "2", "object_repr": "Savio12", "action_flag": 2, "change_message": "[{\"changed\": {\"fields\": [\"Superuser status\"]}}]"}}, {"model": "admin.logentry", "pk": 113, "fields": {"action_time": "2026-04-07T03:18:31.776Z", "user": 1, "content_type": 4, "object_id": "2", "object_repr": "Savio12", "action_flag": 2, "change_message": "[]"}}, {"model": "admin.logentry", "pk": 114, "fields": {"action_time": "2026-04-07T03:23:25.025Z", "user": 1, "content_type": 4, "object_id": "3", "object_repr": "savio124", "action_flag": 3, "change_message": ""}}, {"model": "admin.logentry", "pk": 115, "fields": {"action_time": "2026-04-15T03:33:32.133Z", "user": 1, "content_type": 13, "object_id": "31", "object_repr": "Cozy Cat T-Shirt", "action_flag": 2, "change_message": "[{\"changed\": {\"fields\": [\"Description\"]}}]"}}, {"model": "admin.logentry", "pk": 116, "fields": {"action_time": "2026-04-15T04:04:20.323Z", "user": 1, "content_type": 15, "object_id": "9", "object_repr": "Savio12 - ALDJhO", "action_flag": 3, "change_message": ""}}, {"model": "admin.logentry", "pk": 117, "fields": {"action_time": "2026-04-15T04:04:20.323Z", "user": 1, "content_type": 15, "object_id": "8", "object_repr": "Savio12 - jhihbi", "action_flag": 3, "change_message": ""}}, {"model": "admin.logentry", "pk": 118, "fields": {"action_time": "2026-04-17T04:05:52.464Z", "user": 1, "content_type": 4, "object_id": "2", "object_repr": "Savio12", "action_flag": 2, "change_message": "[{\"changed\": {\"fields\": [\"Email address\"]}}]"}}, {"model": "admin.logentry", "pk": 119, "fields": {"action_time": "2026-04-17T04:10:27.865Z", "user": 1, "content_type": 4, "object_id": "2", "object_repr": "Savio12", "action_flag": 2, "change_message": "[{\"changed\": {\"fields\": [\"Email address\"]}}]"}}, {"model": "auth.permission", "pk": 1, "fields": {"name": "Can add log entry", "content_type": 1, "codename": "add_logentry"}}, {"model": "auth.permission", "pk": 2, "fields": {"name": "Can change log entry", "content_type": 1, "codename": "change_logentry"}}, {"model": "auth.permission", "pk": 3, "fields": {"name": "Can delete log entry", "content_type": 1, "codename": "delete_logentry"}}, {"model": "auth.permission", "pk": 4, "fields": {"name": "Can view log entry", "content_type": 1, "codename": "view_logentry"}}, {"model": "auth.permission", "pk": 5, "fields": {"name": "Can add permission", "content_type": 3, "codename": "add_permission"}}, {"model": "auth.permission", "pk": 6, "fields": {"name": "Can change permission", "content_type": 3, "codename": "change_permission"}}, {"model": "auth.permission", "pk": 7, "fields": {"name": "Can delete permission", "content_type": 3, "codename": "delete_permission"}}, {"model": "auth.permission", "pk": 8, "fields": {"name": "Can view permission", "content_type": 3, "codename": "view_permission"}}, {"model": "auth.permission", "pk": 9, "fields": {"name": "Can add group", "content_type": 2, "codename": "add_group"}}, {"model": "auth.permission", "pk": 10, "fields": {"name": "Can change group", "content_type": 2, "codename": "change_group"}}, {"model": "auth.permission", "pk": 11, "fields": {"name": "Can delete group", "content_type": 2, "codename": "delete_group"}}, {"model": "auth.permission", "pk": 12, "fields": {"name": "Can view group", "content_type": 2, "codename": "view_group"}}, {"model": "auth.permission", "pk": 13, "fields": {"name": "Can add user", "content_type": 4, "codename": "add_user"}}, {"model": "auth.permission", "pk": 14, "fields": {"name": "Can change user", "content_type": 4, "codename": "change_user"}}, {"model": "auth.permission", "pk": 15, "fields": {"name": "Can delete user", "content_type": 4, "codename": "delete_user"}}, {"model": "auth.permission", "pk": 16, "fields": {"name": "Can view user", "content_type": 4, "codename": "view_user"}}, {"model": "auth.permission", "pk": 17, "fields": {"name": "Can add content type", "content_type": 5, "codename": "add_contenttype"}}, {"model": "auth.permission", "pk": 18, "fields": {"name": "Can change content type", "content_type": 5, "codename": "change_contenttype"}}, {"model": "auth.permission", "pk": 19, "fields": {"name": "Can delete content type", "content_type": 5, "codename": "delete_contenttype"}}, {"model": "auth.permission", "pk": 20, "fields": {"name": "Can view content type", "content_type": 5, "codename": "view_contenttype"}}, {"model": "auth.permission", "pk": 21, "fields": {"name": "Can add session", "content_type": 6, "codename": "add_session"}}, {"model": "auth.permission", "pk": 22, "fields": {"name": "Can change session", "content_type": 6, "codename": "change_session"}}, {"model": "auth.permission", "pk": 23, "fields": {"name": "Can delete session", "content_type": 6, "codename": "delete_session"}}, {"model": "auth.permission", "pk": 24, "fields": {"name": "Can view session", "content_type": 6, "codename": "view_session"}}, {"model": "auth.permission", "pk": 25, "fields": {"name": "Can add blog", "content_type": 7, "codename": "add_blog"}}, {"model": "auth.permission", "pk": 26, "fields": {"name": "Can change blog", "content_type": 7, "codename": "change_blog"}}, {"model": "auth.permission", "pk": 27, "fields": {"name": "Can delete blog", "content_type": 7, "codename": "delete_blog"}}, {"model": "auth.permission", "pk": 28, "fields": {"name": "Can view blog", "content_type": 7, "codename": "view_blog"}}, {"model": "auth.permission", "pk": 29, "fields": {"name": "Can add category", "content_type": 10, "codename": "add_category"}}, {"model": "auth.permission", "pk": 30, "fields": {"name": "Can change category", "content_type": 10, "codename": "change_category"}}, {"model": "auth.permission", "pk": 31, "fields": {"name": "Can delete category", "content_type": 10, "codename": "delete_category"}}, {"model": "auth.permission", "pk": 32, "fields": {"name": "Can view category", "content_type": 10, "codename": "view_category"}}, {"model": "auth.permission", "pk": 33, "fields": {"name": "Can add subscriber", "content_type": 14, "codename": "add_subscriber"}}, {"model": "auth.permission", "pk": 34, "fields": {"name": "Can change subscriber", "content_type": 14, "codename": "change_subscriber"}}, {"model": "auth.permission", "pk": 35, "fields": {"name": "Can delete subscriber", "content_type": 14, "codename": "delete_subscriber"}}, {"model": "auth.permission", "pk": 36, "fields": {"name": "Can view subscriber", "content_type": 14, "codename": "view_subscriber"}}, {"model": "auth.permission", "pk": 37, "fields": {"name": "Can add testimonial", "content_type": 15, "codename": "add_testimonial"}}, {"model": "auth.permission", "pk": 38, "fields": {"name": "Can change testimonial", "content_type": 15, "codename": "change_testimonial"}}, {"model": "auth.permission", "pk": 39, "fields": {"name": "Can delete testimonial", "content_type": 15, "codename": "delete_testimonial"}}, {"model": "auth.permission", "pk": 40, "fields": {"name": "Can view testimonial", "content_type": 15, "codename": "view_testimonial"}}, {"model": "auth.permission", "pk": 41, "fields": {"name": "Can add cart", "content_type": 8, "codename": "add_cart"}}, {"model": "auth.permission", "pk": 42, "fields": {"name": "Can change cart", "content_type": 8, "codename": "change_cart"}}, {"model": "auth.permission", "pk": 43, "fields": {"name": "Can delete cart", "content_type": 8, "codename": "delete_cart"}}, {"model": "auth.permission", "pk": 44, "fields": {"name": "Can view cart", "content_type": 8, "codename": "view_cart"}}, {"model": "auth.permission", "pk": 45, "fields": {"name": "Can add order", "content_type": 11, "codename": "add_order"}}, {"model": "auth.permission", "pk": 46, "fields": {"name": "Can change order", "content_type": 11, "codename": "change_order"}}, {"model": "auth.permission", "pk": 47, "fields": {"name": "Can delete order", "content_type": 11, "codename": "delete_order"}}, {"model": "auth.permission", "pk": 48, "fields": {"name": "Can view order", "content_type": 11, "codename": "view_order"}}, {"model": "auth.permission", "pk": 49, "fields": {"name": "Can add product", "content_type": 13, "codename": "add_product"}}, {"model": "auth.permission", "pk": 50, "fields": {"name": "Can change product", "content_type": 13, "codename": "change_product"}}, {"model": "auth.permission", "pk": 51, "fields": {"name": "Can delete product", "content_type": 13, "codename": "delete_product"}}, {"model": "auth.permission", "pk": 52, "fields": {"name": "Can view product", "content_type": 13, "codename": "view_product"}}, {"model": "auth.permission", "pk": 53, "fields": {"name": "Can add order item", "content_type": 12, "codename": "add_orderitem"}}, {"model": "auth.permission", "pk": 54, "fields": {"name": "Can change order item", "content_type": 12, "codename": "change_orderitem"}}, {"model": "auth.permission", "pk": 55, "fields": {"name": "Can delete order item", "content_type": 12, "codename": "delete_orderitem"}}, {"model": "auth.permission", "pk": 56, "fields": {"name": "Can view order item", "content_type": 12, "codename": "view_orderitem"}}, {"model": "auth.permission", "pk": 57, "fields": {"name": "Can add cart item", "content_type": 9, "codename": "add_cartitem"}}, {"model": "auth.permission", "pk": 58, "fields": {"name": "Can change cart item", "content_type": 9, "codename": "change_cartitem"}}, {"model": "auth.permission", "pk": 59, "fields": {"name": "Can delete cart item", "content_type": 9, "codename": "delete_cartitem"}}, {"model": "auth.permission", "pk": 60, "fields": {"name": "Can view cart item", "content_type": 9, "codename": "view_cartitem"}}, {"model": "auth.permission", "pk": 61, "fields": {"name": "Can add review", "content_type": 16, "codename": "add_review"}}, {"model": "auth.permission", "pk": 62, "fields": {"name": "Can change review", "content_type": 16, "codename": "change_review"}}, {"model": "auth.permission", "pk": 63, "fields": {"name": "Can delete review", "content_type": 16, "codename": "delete_review"}}, {"model": "auth.permission", "pk": 64, "fields": {"name": "Can view review", "content_type": 16, "codename": "view_review"}}, {"model": "auth.permission", "pk": 65, "fields": {"name": "Can add profile", "content_type": 17, "codename": "add_profile"}}, {"model": "auth.permission", "pk": 66, "fields": {"name": "Can change profile", "content_type": 17, "codename": "change_profile"}}, {"model": "auth.permission", "pk": 67, "fields": {"name": "Can delete profile", "content_type": 17, "codename": "delete_profile"}}, {"model": "auth.permission", "pk": 68, "fields": {"name": "Can view profile", "content_type": 17, "codename": "view_profile"}}, {"model": "auth.permission", "pk": 69, "fields": {"name": "Can add address", "content_type": 18, "codename": "add_address"}}, {"model": "auth.permission", "pk": 70, "fields": {"name": "Can change address", "content_type": 18, "codename": "change_address"}}, {"model": "auth.permission", "pk": 71, "fields": {"name": "Can delete address", "content_type": 18, "codename": "delete_address"}}, {"model": "auth.permission", "pk": 72, "fields": {"name": "Can view address", "content_type": 18, "codename": "view_address"}}, {"model": "auth.permission", "pk": 73, "fields": {"name": "Can add comment", "content_type": 20, "codename": "add_comment"}}, {"model": "auth.permission", "pk": 74, "fields": {"name": "Can change comment", "content_type": 20, "codename": "change_comment"}}, {"model": "auth.permission", "pk": 75, "fields": {"name": "Can delete comment", "content_type": 20, "codename": "delete_comment"}}, {"model": "auth.permission", "pk": 76, "fields": {"name": "Can view comment", "content_type": 20, "codename": "view_comment"}}, {"model": "auth.permission", "pk": 77, "fields": {"name": "Can add blog like", "content_type": 19, "codename": "add_bloglike"}}, {"model": "auth.permission", "pk": 78, "fields": {"name": "Can change blog like", "content_type": 19, "codename": "change_bloglike"}}, {"model": "auth.permission", "pk": 79, "fields": {"name": "Can delete blog like", "content_type": 19, "codename": "delete_bloglike"}}, {"model": "auth.permission", "pk": 80, "fields": {"name": "Can view blog like", "content_type": 19, "codename": "view_bloglike"}}, {"model": "auth.permission", "pk": 81, "fields": {"name": "Can add reply", "content_type": 21, "codename": "add_reply"}}, {"model": "auth.permission", "pk": 82, "fields": {"name": "Can change reply", "content_type": 21, "codename": "change_reply"}}, {"model": "auth.permission", "pk": 83, "fields": {"name": "Can delete reply", "content_type": 21, "codename": "delete_reply"}}, {"model": "auth.permission", "pk": 84, "fields": {"name": "Can view reply", "content_type": 21, "codename": "view_reply"}}, {"model": "auth.permission", "pk": 85, "fields": {"name": "Can add wishlist", "content_type": 22, "codename": "add_wishlist"}}, {"model": "auth.permission", "pk": 86, "fields": {"name": "Can change wishlist", "content_type": 22, "codename": "change_wishlist"}}, {"model": "auth.permission", "pk": 87, "fields": {"name": "Can delete wishlist", "content_type": 22, "codename": "delete_wishlist"}}, {"model": "auth.permission", "pk": 88, "fields": {"name": "Can view wishlist", "content_type": 22, "codename": "view_wishlist"}}, {"model": "auth.user", "pk": 1, "fields": {"password": "pbkdf2_sha256$1200000$vS5xIY2G38lvYC5H0ayJUn$dUdk+yKN/BckH6C+OIaSRn63So9piZ67We4IVHm2Css=", "last_login": "2026-04-17T05:45:49.496Z", "is_superuser": true, "username": "savio123", "first_name": "", "last_name": "", "email": "saviorajan986@gmail.com", "is_staff": true, "is_active": true, "date_joined": "2026-03-26T02:38:57.707Z", "groups": [], "user_permissions": []}}, {"model": "auth.user", "pk": 2, "fields": {"password": "pbkdf2_sha256$1200000$u5eimoX8DCybBjjxP2M4YI$RV0GVXeEopfHugHAEE43bAhYXY5yK0lnzySXxaWCdSM=", "last_login": null, "is_superuser": true, "username": "Savio12", "first_name": "", "last_name": "", "email": "saviorajan3@gmail.com", "is_staff": true, "is_active": true, "date_joined": "2026-03-26T05:21:05Z", "groups": [], "user_permissions": []}}, {"model": "auth.user", "pk": 4, "fields": {"password": "pbkdf2_sha256$1200000$tKjd6uyawqyIzjpd3PwUMW$bYx3Wwgz1KCZAJzXXGmdv2KqtBOazQoD+DCD7U0yKh8=", "last_login": null, "is_superuser": false, "username": "Savio124", "first_name": "", "last_name": "", "email": "savio146@gmail.com", "is_staff": false, "is_active": true, "date_joined": "2026-04-07T03:24:03.140Z", "groups": [], "user_permissions": []}}, {"model": "contenttypes.contenttype", "pk": 1, "fields": {"app_label": "admin", "model": "logentry"}}, {"model": "contenttypes.contenttype", "pk": 2, "fields": {"app_label": "auth", "model": "group"}}, {"model": "contenttypes.contenttype", "pk": 3, "fields": {"app_label": "auth", "model": "permission"}}, {"model": "contenttypes.contenttype", "pk": 4, "fields": {"app_label": "auth", "model": "user"}}, {"model": "contenttypes.contenttype", "pk": 5, "fields": {"app_label": "contenttypes", "model": "contenttype"}}, {"model": "contenttypes.contenttype", "pk": 6, "fields": {"app_label": "sessions", "model": "session"}}, {"model": "contenttypes.contenttype", "pk": 7, "fields": {"app_label": "PettyApp", "model": "blog"}}, {"model": "contenttypes.contenttype", "pk": 8, "fields": {"app_label": "PettyApp", "model": "cart"}}, {"model": "contenttypes.contenttype", "pk": 9, "fields": {"app_label": "PettyApp", "model": "cartitem"}}, {"model": "contenttypes.contenttype", "pk": 10, "fields": {"app_label": "PettyApp", "model": "category"}}, {"model": "contenttypes.contenttype", "pk": 11, "fields": {"app_label": "PettyApp", "model": "order"}}, {"model": "contenttypes.contenttype", "pk": 12, "fields": {"app_label": "PettyApp", "model": "orderitem"}}, {"model": "contenttypes.contenttype", "pk": 13, "fields": {"app_label": "PettyApp", "model": "product"}}, {"model": "contenttypes.contenttype", "pk": 14, "fields": {"app_label": "PettyApp", "model": "subscriber"}}, {"model": "contenttypes.contenttype", "pk": 15, "fields": {"app_label": "PettyApp", "model": "testimonial"}}, {"model": "contenttypes.contenttype", "pk": 16, "fields": {"app_label": "PettyApp", "model": "review"}}, {"model": "contenttypes.contenttype", "pk": 17, "fields": {"app_label": "PettyApp", "model": "profile"}}, {"model": "contenttypes.contenttype", "pk": 18, "fields": {"app_label": "PettyApp", "model": "address"}}, {"model": "contenttypes.contenttype", "pk": 19, "fields": {"app_label": "PettyApp", "model": "bloglike"}}, {"model": "contenttypes.contenttype", "pk": 20, "fields": {"app_label": "PettyApp", "model": "comment"}}, {"model": "contenttypes.contenttype", "pk": 21, "fields": {"app_label": "PettyApp", "model": "reply"}}, {"model": "contenttypes.contenttype", "pk": 22, "fields": {"app_label": "PettyApp", "model": "wishlist"}}, {"model": "sessions.session", "pk": "idgqqf0mc5f7gci3px9g4ri4vn3teeaz", "fields": {"session_data": ".eJxVjEsOgjAUAO_y1qax7YO2LN1zBvI-xaIGEgor490NCQvdzkzmDQPtWxn2mtdhUujAwuWXMckzz4fQB833xcgyb-vE5kjMaavpF82v29n-DQrVAh2k2CJxxCagWrYB3RhQ0DaY3FXIJZ-iiig3PknAkWNgyT5pyyEyefh8AcYFN7k:1w7amU:hYWLFEPPCWPqsrTPBKwV-jlo6a1RG6q95yz0yPLQVyk", "expire_date": "2026-04-14T15:13:26.632Z"}}, {"model": "sessions.session", "pk": "r7g1jn4kps4516m45bcxw0dwo11hjc54", "fields": {"session_data": ".eJxVjEsOgjAUAO_y1qax7YO2LN1zBvI-xaIGEgor490NCQvdzkzmDQPtWxn2mtdhUujAwuWXMckzz4fQB833xcgyb-vE5kjMaavpF82v29n-DQrVAh2k2CJxxCagWrYB3RhQ0DaY3FXIJZ-iiig3PknAkWNgyT5pyyEyefh8AcYFN7k:1wDc0t:yp2T2ujMLLB0PJP5LR_D6PiMkMJBCc2BFyNdNTwIV-I", "expire_date": "2026-05-01T05:45:11.078Z"}}, {"model": "sessions.session", "pk": "rxr47ojy60uyn9gdjmkkx9sx3228odx7", "fields": {"session_data": ".eJxVjEsOgjAUAO_y1qax7YO2LN1zBvI-xaIGEgor490NCQvdzkzmDQPtWxn2mtdhUujAwuWXMckzz4fQB833xcgyb-vE5kjMaavpF82v29n-DQrVAh2k2CJxxCagWrYB3RhQ0DaY3FXIJZ-iiig3PknAkWNgyT5pyyEyefh8AcYFN7k:1w73of:WPAsNQgPW9-rkJ613sa6TwPIFa-qpo3FNOe2DuhHFzY", "expire_date": "2026-04-13T04:01:29.584Z"}}, {"model": "sessions.session", "pk": "ur9ntmubp32o5p76z6x50medzryhd0ya", "fields": {"session_data": ".eJxVjEsOgjAUAO_y1qax7YO2LN1zBvI-xaIGEgor490NCQvdzkzmDQPtWxn2mtdhUujAwuWXMckzz4fQB833xcgyb-vE5kjMaavpF82v29n-DQrVAh2k2CJxxCagWrYB3RhQ0DaY3FXIJZ-iiig3PknAkWNgyT5pyyEyefh8AcYFN7k:1wDc1V:bIGdwuwofnZ_zf8XQgB0TWoIxVMQwwdG9BYRu5MYrrI", "expire_date": "2026-05-01T05:45:49.498Z"}}, {"model": "PettyApp.category", "pk": 1, "fields": {"name": "bird-toy"}}, {"model": "PettyApp.category", "pk": 2, "fields": {"name": "bird-cloth"}}, {"model": "PettyApp.category", "pk": 3, "fields": {"name": "bird-food"}}, {"model": "PettyApp.category", "pk": 4, "fields": {"name": "fish-food"}}, {"model": "PettyApp.category", "pk": 6, "fields": {"name": "cat-toy"}}, {"model": "PettyApp.category", "pk": 7, "fields": {"name": "cat-cloth"}}, {"model": "PettyApp.category", "pk": 8, "fields": {"name": "cat-food"}}, {"model": "PettyApp.category", "pk": 10, "fields": {"name": "dog-toy"}}, {"model": "PettyApp.category", "pk": 11, "fields": {"name": "dog-cloth"}}, {"model": "PettyApp.category", "pk": 12, "fields": {"name": "dog-food"}}, {"model": "PettyApp.category", "pk": 13, "fields": {"name": "dog-house"}}, {"model": "PettyApp.category", "pk": 14, "fields": {"name": "cat-house"}}, {"model": "PettyApp.category", "pk": 15, "fields": {"name": "bird-house"}}, {"model": "PettyApp.category", "pk": 16, "fields": {"name": "aquarium"}}, {"model": "PettyApp.product", "pk": 1, "fields": {"user": 2, "name": "Bunny T-Shirt", "price": "4.00", "image": "products/item1.jpg", "category": 11, "description": "Soft, stylish, and full of charm ù the Bunny T-Shirt is perfect for pet lovers who want comfort with a cute touch. Made from high-quality breathable cotton, this t-shirt features an adorable bunny print that adds a playful vibe to your everyday outfit.", "is_approved": true}}, {"model": "PettyApp.product", "pk": 2, "fields": {"user": 2, "name": "Denim Dog Jacket", "price": "5.00", "image": "products/item2.jpg", "category": 11, "description": "Stylish denim jacket for dogs designed with a modern layered look. Made from durable and breathable fabric, it keeps your pet comfortable while adding a trendy street-style vibe. Perfect for outings and photos.", "is_approved": true}}, {"model": "PettyApp.product", "pk": 3, "fields": {"user": 2, "name": "Pink Comfort Dog T-Shirt", "price": "5.00", "image": "products/item3.jpg", "category": 11, "description": "Soft and cozy t-shirt designed for everyday comfort. Made with lightweight fabric, it ensures breathability while giving your pet a cute and stylish appearance.", "is_approved": true}}, {"model": "PettyApp.product", "pk": 4, "fields": {"user": 2, "name": "Black Polo Dog Shirt", "price": "5.00", "image": "products/item4.jpg", "category": 11, "description": "Elegant polo-style shirt for dogs with a premium finish. Ideal for special occasions or casual outings, offering both comfort and a classy look.", "is_approved": true}}, {"model": "PettyApp.product", "pk": 5, "fields": {"user": 2, "name": "Wooden Pet House", "price": "5.00", "image": "products/item5.jpg", "category": 14, "description": "A cozy wooden pet house designed to give your pet a safe and comfortable resting space. Built with high-quality wood for durability and style, perfect for indoor use.", "is_approved": true}}, {"model": "PettyApp.product", "pk": 6, "fields": {"user": 2, "name": "Dog Wet Food Tray", "price": "5.00", "image": "products/item6.jpg", "category": 12, "description": "Nutritious and delicious wet food for dogs, packed with essential vitamins and minerals. Easy-to-serve tray ensuring freshness and convenience.", "is_approved": true}}, {"model": "PettyApp.product", "pk": 7, "fields": {"user": 2, "name": "Yellow Hoodie Dog Outfit", "price": "5.00", "image": "products/item7.jpg", "category": 11, "description": "Warm and comfortable hoodie for dogs, perfect for cooler weather. Designed for both style and functionality with a snug fit.", "is_approved": true}}, {"model": "PettyApp.product", "pk": 8, "fields": {"user": 2, "name": "Cartoon Print Dog Shirt", "price": "5.00", "image": "products/item8.jpg", "category": 11, "description": "Fun and colorful dog shirt featuring playful cartoon prints. Lightweight and breathable, perfect for daily wear and adding personality to your petÆs look.", "is_approved": true}}, {"model": "PettyApp.product", "pk": 9, "fields": {"user": 2, "name": "Fresh Kisses Bird Treats", "price": "5.00", "image": "products/item9.jpg", "category": 3, "description": "Delicious dental treats designed to freshen breath and support oral health. Made with quality ingredients your bird will love.", "is_approved": true}}, {"model": "PettyApp.product", "pk": 10, "fields": {"user": 2, "name": "Premium Dog Food Tray", "price": "5.00", "image": "products/item10.jpg", "category": 12, "description": "High-quality wet dog food with balanced nutrition. Supports healthy growth and energy levels with rich protein content.", "is_approved": true}}, {"model": "PettyApp.product", "pk": 11, "fields": {"user": 2, "name": "Pulsitos Dog Snack Pack", "price": "5.00", "image": "products/item11.jpg", "category": 12, "description": "Tasty and nutritious snack pack for dogs, perfect for training rewards or daily treats. Made with healthy ingredients for better digestion.", "is_approved": true}}, {"model": "PettyApp.product", "pk": 12, "fields": {"user": 2, "name": "Gourmet Cat Meal Tray", "price": "5.00", "image": "products/item12.jpg", "category": 8, "description": "Premium ready-to-eat meal for dogs, packed with essential nutrients and rich flavors. Ensures a balanced diet for your pet.", "is_approved": true}}, {"model": "PettyApp.product", "pk": 13, "fields": {"user": 2, "name": "Natural Dog Treats Pack", "price": "5.00", "image": "products/item13.jpg", "category": 12, "description": "Organic dog treats made with natural ingredients. Supports overall health while being safe and tasty for your pet.", "is_approved": true}}, {"model": "PettyApp.product", "pk": 14, "fields": {"user": 2, "name": "Love Corn Cat Snack", "price": "4.00", "image": "products/item14.jpg", "category": 8, "description": "Crunchy and flavorful snack suitable for pets. A unique treat option that adds variety to your petÆs diet.", "is_approved": true}}, {"model": "PettyApp.product", "pk": 15, "fields": {"user": 2, "name": "ButcherÆs Dog Food Tray", "price": "4.00", "image": "products/item15.jpg", "category": 12, "description": "Premium meat-based wet food designed for strong and healthy dogs. Rich in protein and essential nutrients.", "is_approved": true}}, {"model": "PettyApp.product", "pk": 16, "fields": {"user": 2, "name": "Mini Sausage Dog Treats", "price": "4.00", "image": "products/item16.jpg", "category": 12, "description": "Bite-sized sausage treats perfect for training and rewards. Packed with flavor and loved by dogs of all sizes.", "is_approved": true}}, {"model": "PettyApp.product", "pk": 17, "fields": {"user": 2, "name": "Natural Chew Toy", "price": "3.00", "image": "products/bird-chew.jpg", "category": 1, "description": "Colorful wooden and rope toy designed to keep birds active while promoting healthy beak exercise.", "is_approved": true}}, {"model": "PettyApp.product", "pk": 18, "fields": {"user": 2, "name": "Hanging Bell Toy Set", "price": "3.00", "image": "products/bird-hang.jpg", "category": 1, "description": "Bright and engaging hanging toys with bells to stimulate your birdÆs play and reduce boredom.", "is_approved": true}}, {"model": "PettyApp.product", "pk": 19, "fields": {"user": 2, "name": "Climbing Ladder Toy", "price": "3.00", "image": "products/bird-ladder.jpg", "category": 1, "description": "Durable ladder toy that encourages climbing, movement, and daily physical activity inside the cage.", "is_approved": true}}, {"model": "PettyApp.product", "pk": 20, "fields": {"user": 2, "name": "Interactive Yarn Ball Toy", "price": "3.00", "image": "products/cat-ball.jpg", "category": 6, "description": "Soft and lightweight balls perfect for chasing, batting, and keeping your cat entertained.", "is_approved": true}}, {"model": "PettyApp.product", "pk": 21, "fields": {"user": 2, "name": "Plush Mouse Toy Set", "price": "3.00", "image": "products/cat-mouse.jpg", "category": 6, "description": "Cute and soft mouse toys that trigger your catÆs hunting instincts and playful behavior.", "is_approved": true}}, {"model": "PettyApp.product", "pk": 22, "fields": {"user": 2, "name": "Feather Teaser Wand", "price": "3.00", "image": "products/cat-stick.jpg", "category": 6, "description": "Interactive wand toy with soft feathers to engage your cat in fun and active play sessions.", "is_approved": true}}, {"model": "PettyApp.product", "pk": 23, "fields": {"user": 2, "name": "Rubber Chew Bone", "price": "3.00", "image": "products/dog-chew.jpg", "category": 10, "description": "Strong and durable chew toy that supports dental health and satisfies chewing needs.", "is_approved": true}}, {"model": "PettyApp.product", "pk": 24, "fields": {"user": 2, "name": "Tennis Fetch Balls", "price": "3.00", "image": "products/dog-fetch.jpg", "category": 10, "description": "Perfect for outdoor play, these balls are ideal for fetch games and exercise.", "is_approved": true}}, {"model": "PettyApp.product", "pk": 25, "fields": {"user": 2, "name": "Rope Tug Toy", "price": "3.00", "image": "products/dog-tug.webp", "category": 10, "description": "Heavy-duty rope toy designed for tug-of-war, chewing, and strengthening your dogÆs teeth.", "is_approved": true}}, {"model": "PettyApp.product", "pk": 26, "fields": {"user": 2, "name": "Bee Bird Outfit", "price": "6.00", "image": "products/bee-bird.jpg", "category": 2, "description": "Colorful and fun outfit ideal for photos, events, or special occasions.", "is_approved": true}}, {"model": "PettyApp.product", "pk": 27, "fields": {"user": 2, "name": "Mixed Seed Bird Food", "price": "3.00", "image": "products/bird-mixed.jpg", "category": 3, "description": "Balanced mix of seeds and grains to keep your bird active and healthy.", "is_approved": true}}, {"model": "PettyApp.product", "pk": 28, "fields": {"user": 2, "name": "Nut & Fruit Bird Mix", "price": "5.00", "image": "products/bird-nuts.jpg", "category": 3, "description": "A rich blend of nuts, seeds, and dried fruits for added nutrition and taste.", "is_approved": true}}, {"model": "PettyApp.product", "pk": 29, "fields": {"user": 2, "name": "Bird Flight Suit", "price": "7.00", "image": "products/bird-suit.jpg", "category": 2, "description": "Comfortable suit designed to keep your bird clean while allowing free movement.", "is_approved": true}}, {"model": "PettyApp.product", "pk": 30, "fields": {"user": 2, "name": "Soft Bird Vest", "price": "6.00", "image": "products/bird-vest.jpg", "category": 2, "description": "Lightweight vest that offers gentle protection without restricting wings.", "is_approved": true}}, {"model": "PettyApp.product", "pk": 31, "fields": {"user": 2, "name": "Cozy Cat T-Shirt", "price": "6.00", "image": "products/cat-blue.webp", "category": 7, "description": "Blue,Lightweight and breathable t-shirt designed for everyday comfort and style.", "is_approved": true}}, {"model": "PettyApp.product", "pk": 32, "fields": {"user": 2, "name": "Stylish Cat Frock", "price": "6.00", "image": "products/cat-frock.webp", "category": 7, "description": "Cute and fashionable dress perfect for special occasions or photos.", "is_approved": true}}, {"model": "PettyApp.product", "pk": 33, "fields": {"user": 2, "name": "Warm Cat Hoodie", "price": "6.00", "image": "products/cat-hoodie.jpg", "category": 7, "description": "Soft and snug hoodie to keep your cat warm during cooler days.", "is_approved": true}}, {"model": "PettyApp.product", "pk": 35, "fields": {"user": 2, "name": "Premium Cat Dry Food", "price": "4.00", "image": "products/dry-food.jpg", "category": 8, "description": "Nutritious dry food packed with protein and essential vitamins for healthy growth.", "is_approved": true}}, {"model": "PettyApp.product", "pk": 36, "fields": {"user": 2, "name": "Fish Flakes Food", "price": "4.00", "image": "products/fish-flakes.jpg", "category": 4, "description": "Light and easy-to-digest flakes ideal for daily feeding of tropical fish.", "is_approved": true}}, {"model": "PettyApp.product", "pk": 37, "fields": {"user": 2, "name": "Shrimp-Based Fish Food", "price": "5.00", "image": "products/fish-shrimp.jpg", "category": 4, "description": "Protein-rich shrimp formula that enhances color and supports growth.", "is_approved": true}}, {"model": "PettyApp.product", "pk": 38, "fields": {"user": 2, "name": "Floating Fish Pellets", "price": "3.00", "image": "products/fish-pellet1.jpg", "category": 4, "description": "High-quality floating pellets that support vibrant color and strong immunity.", "is_approved": true}}, {"model": "PettyApp.product", "pk": 39, "fields": {"user": 4, "name": "NILU CRAFT Sweater for Cat (Red, Off-White)", "price": "4.00", "image": "products/xl-cat-and-pet-animal-sweater-nilu-craft-original-imahhjfz8ezksdxh.webp", "category": 7, "description": "Keep your furry friend warm and stylish with the NILU CRAFT Cat Sweater. Designed with comfort and cuteness in mind, this cozy sweater features a charming red and off-white color combination that adds a touch of elegance to your petÆs winter wardrobe.", "is_approved": true}}, {"model": "PettyApp.profile", "pk": 1, "fields": {"user": 2, "image": "profiles/yoriichi-tsugikuni-kimetsu-no-yaiba-d9-3840x2400.jpg", "phone": "8075336873", "gender": "Male", "city": "Kozhikode", "state": "Kerala", "pincode": "673586"}}, {"model": "PettyApp.profile", "pk": 3, "fields": {"user": 4, "image": "", "phone": "", "gender": "", "city": "", "state": "", "pincode": ""}}, {"model": "PettyApp.address", "pk": 1, "fields": {"user": 2, "name": "Savio Rajan", "phone": "8075336873", "house": "Noozhimuriyil (H),Kakkad (PO),Kakkavayal", "area": "Engapuzha", "landmark": "Vanaparvam Bio Diversity Park", "city": "Kozhikode", "state": "Kerala", "pincode": "673586", "is_default": true}}, {"model": "PettyApp.address", "pk": 2, "fields": {"user": 2, "name": "Sandra Rajan", "phone": "8075436873", "house": "Noozhimuriyil (H),Edappally (PO),Chottanikkara", "area": "Edappally", "landmark": "Vanaparvam Bio Diversity Park", "city": "Ernakulam", "state": "Kerala", "pincode": "673587", "is_default": false}}, {"model": "PettyApp.review", "pk": 1, "fields": {"user": 2, "product": 1, "rating": 5, "comment": "Very Good Product", "created_at": "2026-03-29T03:37:11.965Z"}}, {"model": "PettyApp.review", "pk": 2, "fields": {"user": 2, "product": 1, "rating": 4, "comment": "Nice Product", "created_at": "2026-03-29T03:39:33.029Z"}}, {"model": "PettyApp.blog", "pk": 2, "fields": {"user": 2, "title": "Top 5 Tips to Keep Your Dog Healthy", "image": "blogs/blog2_Jdm7hwT.jpg", "content": "Keeping your dog healthy is not just about feeding it regularly, but also about maintaining a balanced lifestyle. A proper diet rich in nutrients, combined with regular exercise, plays a huge role in your dogÆs overall well-being. Daily walks, playtime, and mental stimulation help prevent obesity and behavioral issues. Regular veterinary check-ups ensure early detection of any health problems. Grooming, vaccinations, and keeping your dog hydrated are equally important. A happy dog is a healthy dog, and small daily habits can make a big difference in your petÆs life.", "created_at": "2026-03-30"}}, {"model": "PettyApp.bloglike", "pk": 3, "fields": {"user": 2, "blog": 2}}, {"model": "PettyApp.comment", "pk": 1, "fields": {"user": 2, "blog": 2, "content": "very nice", "created_at": "2026-03-30T07:25:05.909Z"}}, {"model": "PettyApp.reply", "pk": 1, "fields": {"user": 2, "comment": 1, "content": "yeahh", "created_at": "2026-03-30T07:30:26.332Z"}}, {"model": "PettyApp.testimonial", "pk": 1, "fields": {"user": 2, "message": "Great quality products and super fast delivery. My dog absolutely loves the food from here."}}, {"model": "PettyApp.testimonial", "pk": 2, "fields": {"user": 2, "message": "Very Nice Products"}}, {"model": "PettyApp.testimonial", "pk": 3, "fields": {"user": 2, "message": "wow very nice"}}, {"model": "PettyApp.testimonial", "pk": 4, "fields": {"user": 2, "message": "wow what a nice ui"}}, {"model": "PettyApp.testimonial", "pk": 5, "fields": {"user": 2, "message": "no way this is big"}}, {"model": "PettyApp.testimonial", "pk": 6, "fields": {"user": 2, "message": "The Experience Was Marvellous"}}, {"model": "PettyApp.testimonial", "pk": 7, "fields": {"user": 2, "message": "Very Nice"}}, {"model": "PettyApp.cart", "pk": 1, "fields": {"user": 2}}, {"model": "PettyApp.wishlist", "pk": 12, "fields": {"user": 2, "product": 1}}, {"model": "PettyApp.order", "pk": 1, "fields": {"user": 2, "address": 1, "total_price": 14.0, "status": "Shipped", "razorpay_order_id": null, "razorpay_payment_id": null, "is_paid": false, "payment_method": "COD", "return_requested": false, "return_status": "None", "refund_status": "None", "created_at": "2026-03-31T14:59:25.322Z"}}, {"model": "PettyApp.order", "pk": 7, "fields": {"user": 2, "address": 1, "total_price": 19.0, "status": "Pending", "razorpay_order_id": null, "razorpay_payment_id": null, "is_paid": false, "payment_method": "COD", "return_requested": false, "return_status": "None", "refund_status": "None", "created_at": "2026-04-02T04:34:23.630Z"}}, {"model": "PettyApp.order", "pk": 8, "fields": {"user": 2, "address": 1, "total_price": 19.0, "status": "Shipped", "razorpay_order_id": null, "razorpay_payment_id": null, "is_paid": true, "payment_method": "COD", "return_requested": false, "return_status": "None", "refund_status": "None", "created_at": "2026-04-05T04:25:49.949Z"}}, {"model": "PettyApp.order", "pk": 9, "fields": {"user": 2, "address": 1, "total_price": 10.0, "status": "Delivered", "razorpay_order_id": "order_Sa9IPvyR7VWv2v", "razorpay_payment_id": null, "is_paid": true, "payment_method": "ONLINE", "return_requested": true, "return_status": "Approved", "refund_status": "Processed", "created_at": "2026-04-06T08:56:47.743Z"}}, {"model": "PettyApp.order", "pk": 10, "fields": {"user": 2, "address": 1, "total_price": 10.0, "status": "Delivered", "razorpay_order_id": null, "razorpay_payment_id": null, "is_paid": true, "payment_method": "COD", "return_requested": true, "return_status": "Approved", "refund_status": "Processed", "created_at": "2026-04-06T08:56:54.142Z"}}, {"model": "PettyApp.orderitem", "pk": 1, "fields": {"order": 1, "product": 1, "quantity": 1}}, {"model": "PettyApp.orderitem", "pk": 2, "fields": {"order": 1, "product": 2, "quantity": 1}}, {"model": "PettyApp.orderitem", "pk": 3, "fields": {"order": 1, "product": 3, "quantity": 1}}, {"model": "PettyApp.orderitem", "pk": 23, "fields": {"order": 7, "product": 1, "quantity": 1}}, {"model": "PettyApp.orderitem", "pk": 24, "fields": {"order": 7, "product": 2, "quantity": 1}}, {"model": "PettyApp.orderitem", "pk": 25, "fields": {"order": 7, "product": 4, "quantity": 1}}, {"model": "PettyApp.orderitem", "pk": 26, "fields": {"order": 7, "product": 3, "quantity": 1}}, {"model": "PettyApp.orderitem", "pk": 27, "fields": {"order": 8, "product": 1, "quantity": 1}}, {"model": "PettyApp.orderitem", "pk": 28, "fields": {"order": 8, "product": 2, "quantity": 1}}, {"model": "PettyApp.orderitem", "pk": 29, "fields": {"order": 8, "product": 3, "quantity": 1}}, {"model": "PettyApp.orderitem", "pk": 30, "fields": {"order": 8, "product": 4, "quantity": 1}}, {"model": "PettyApp.orderitem", "pk": 31, "fields": {"order": 9, "product": 2, "quantity": 1}}, {"model": "PettyApp.orderitem", "pk": 32, "fields": {"order": 9, "product": 3, "quantity": 1}}, {"model": "PettyApp.orderitem", "pk": 33, "fields": {"order": 10, "product": 2, "quantity": 1}}, {"model": "PettyApp.orderitem", "pk": 34, "fields": {"order": 10, "product": 3, "quantity": 1}}]
